year,lap_time_seconds,teammate_time,constructorId
2019,95.682,95.13900000000001,9
2020,95.571,95.24600000000001,9
2022,86.02799999999999,86.054,3
2023,84.298,,3
2024,83.821,83.912,3
