year,lap_time_seconds,teammate_time,constructorId
2019,102.154,101.681,5
2022,104.719,105.36699999999999,3
2023,101.818,102.24199999999999,3
2024,102.84,102.473,3
