year,lap_time_seconds,teammate_time,constructorId
2019,75.336,74.758,9
2022,80.85900000000001,81.167,3
2023,78.828,,3
2024,76.988,77.55799999999999,3
