year,lap_time_seconds,teammate_time,constructorId
2019,86.449,86.54599999999999,51
2020,87.164,87.366,51
2020,88.43299999999999,88.493,51
2021,87.595,88.062,51
