year,lap_time_seconds,teammate_time,constructorId
2018,92.01599999999999,92.11500000000001,4
2019,89.52199999999999,89.418,1
2021,90.84,90.987,6
2022,91.081,90.872,6
