year,lap_time_seconds
2018,92.01599999999999
2019,89.52199999999999
2021,90.84
2022,91.081
