year,lap_time_seconds
2016,97.652
2017,95.827
2018,94.626
2019,93.22200000000001
2020,92.55
2021,102.50999999999999
