year,lap_time_seconds
2015,94.462
2016,91.71600000000001
2017,92.118
2018,89.80199999999999
2019,88.813
2020,88.975
2020,53.818
2021,90.009
2022,90.687
2023,90.154
2024,89.507
