year,lap_time_seconds
2015,106.465
2016,104.197
2017,101.826
2018,98.71600000000001
2019,97.818
2022,109.583
2023,90.98400000000001
2024,90.108
