year,lap_time_seconds
2016,104.827
2017,103.34700000000001
2018,103.351
2019,101.936
2021,101.576
2022,101.814
2023,101.01599999999999
2024,101.805
