year,lap_time_seconds
2015,83.869
2016,81.131
2017,78.311
2018,77.82900000000001
2019,75.852
2020,75.027
2021,76.649
2022,77.42099999999999
2023,77.703
2024,75.696
