year,lap_time_seconds
2018,103.75200000000001
2019,101.426
2021,101.218
2022,101.35900000000001
2023,100.203
2024,101.36500000000001
