year,lap_time_seconds
2018,94.255
2019,92.137
2021,93.606
2022,94.42099999999999
2023,94.723
2024,92.74000000000001
