year,lap_time_seconds
2018,103.654
2019,102.519
2020,102.99600000000001
2021,117.721
2022,104.551
2023,106.988
2024,113.75399999999999
