year,lap_time_seconds
2018,78.81700000000001
2019,75.043
2020,74.81700000000001
2021,76.496
2022,77.56700000000001
2023,76.992
2024,75.891
