year,lap_time_seconds
2018,87.78999999999999
2019,85.172
2020,85.42699999999999
2020,86.614
2021,86.828
2022,99.846
2023,87.136
2024,87.09700000000001
