year,lap_time_seconds
2018,91.42
2019,87.866
2020,89.137
2020,53.613
2021,89.678
2022,90.55799999999999
2023,90.0
2024,89.16499999999999
