year,lap_time_seconds,teammate_time,constructorId
2018,93.419,93.995,15
2019,91.628,92.053,6
2020,93.239,93.60900000000001,6
2021,108.47,102.50999999999999,6
