year,lap_time_seconds
2014,84.706
2015,83.332
2016,85.301
2017,78.538
2019,76.69200000000001
2020,76.20400000000001
