year,lap_time_seconds
2014,94.051
2015,93.832
2016,90.854
2017,89.545
2018,88.398
2019,89.488
2020,88.417
2020,53.871
2021,89.92699999999999
2022,92.945
2024,90.27799999999999
