year,lap_time_seconds
2014,83.39099999999999
2015,82.774
2016,80.28
2017,76.818
2018,78.53999999999999
2019,77.257
2020,75.661
2021,76.871
2022,78.19800000000001
2023,78.002
2024,76.202
