year,lap_time_seconds
2014,94.075
2015,93.497
2016,91.24
2017,88.306
2018,89.806
2019,89.822
2022,90.65899999999999
2024,89.47200000000001
