year,lap_time_seconds,teammate_time,constructorId
2014,117.261,116.584,5
2015,98.209,97.53999999999999,9
2016,96.399,95.917,9
2017,93.719,94.15,5
2019,93.23599999999999,,5
