year,lap_time_seconds
2014,86.285
2015,86.69200000000001
2016,82.68
2017,80.175
2018,76.818
2019,77.299
2020,77.19800000000001
2021,77.622
2022,80.287
2024,73.075
