year,lap_time_seconds
2014,90.775
2015,88.32900000000001
2016,85.589
2017,83.989
2018,82.152
2019,82.57
2022,79.032
2024,78.08500000000001
