year,lap_time_seconds,teammate_time,constructorId
2014,98.699,99.25,5
2015,117.64,116.495,9
2016,97.47999999999999,97.175,5
2017,95.529,96.88900000000001,5
2019,93.989,93.556,5
