year,lap_time_seconds
2015,101.444
2016,99.589
2017,96.959
2018,95.40100000000001
2019,96.456
2020,96.406
2021,83.40899999999999
2022,85.045
2023,84.44200000000001
