year,lap_time_seconds
2014,127.911
2015,108.63900000000001
2016,107.21600000000001
2017,103.863
2018,103.126
2019,104.10300000000001
2020,102.061
2021,117.12700000000001
2022,105.767
2023,122.159
2024,114.682
