year,lap_time_seconds,teammate_time,constructorId
2016,104.687,104.827,5
2017,102.92699999999999,103.34700000000001,5
2019,101.681,102.154,5
