year,lap_time_seconds,teammate_time,constructorId
2014,121.175,121.689,5
2015,100.54599999999999,100.50399999999999,9
2016,95.369,95.374,5
