year,lap_time_seconds,teammate_time,constructorId
2014,95.092,94.98400000000001,5
2015,94.201,93.497,9
2016,92.62299999999999,92.685,5
2019,89.563,88.779,5
