year,lap_time_seconds,teammate_time,constructorId
2014,101.908,102.207,5
2015,101.93299999999999,101.444,9
2016,102.003,102.393,5
2019,97.14099999999999,97.089,5
2020,95.963,96.24199999999999,213
