year,lap_time_seconds
2014,98.166
2015,93.749
2016,90.618
2017,102.96600000000001
2018,87.099
2019,86.182
2020,86.009
2020,86.297
2021,86.899
2022,101.93299999999999
2024,87.949
