year,lap_time_seconds
2014,129.377
2015,109.22800000000001
2016,109.05799999999999
2017,106.02799999999999
2019,106.518
2020,102.72999999999999
