year,lap_time_seconds
2014,101.908
2015,101.93299999999999
2016,102.003
2019,97.14099999999999
2020,95.963
