year,lap_time_seconds,teammate_time,constructorId
2014,118.913,117.654,9
2015,100.50399999999999,100.54599999999999,9
2016,93.467,93.42,9
2017,90.595,90.541,9
