year,lap_time_seconds
2014,97.244
2015,116.495
2016,95.509
2017,93.577
2018,93.494
2019,93.488
2021,93.80799999999999
2022,97.04599999999999
2023,95.97399999999999
