year,lap_time_seconds
2014,114.455
2015,97.53999999999999
2016,95.917
2017,93.033
2018,91.94800000000001
2019,92.958
2024,94.934
