year,lap_time_seconds
2014,105.854
2015,104.428
2016,103.11500000000001
2017,99.84
2018,96.99600000000001
2022,116.226
2024,91.08500000000001
