year,lap_time_seconds
2016,108.29599999999999
2017,102.75999999999999
2018,98.36500000000001
2022,116.337
2023,91.673
2024,90.769
