year,lap_time_seconds,teammate_time,constructorId
2018,92.075,92.45400000000001,10
2021,91.736,91.34,214
2022,93.048,92.55199999999999,214
