year,lap_time_seconds
2017,97.58
2018,81.099
2020,80.23400000000001
2021,81.10300000000001
2022,82.13
2023,82.548
2024,80.764
