year,lap_time_seconds
2017,102.186
2018,102.523
2021,102.273
2022,103.58500000000001
2023,101.798
2024,104.50399999999999
