year,lap_time_seconds
2017,78.495
2018,79.142
2020,75.719
2021,76.65299999999999
2022,78.018
2023,77.84100000000001
2024,78.049
