year,lap_time_seconds
2016,102.286
2017,98.392
2018,96.53999999999999
2020,96.35900000000001
2021,83.389
2022,84.83
2023,84.39099999999999
