year,lap_time_seconds,teammate_time,constructorId
2017,95.372,95.337,10
2018,93.413,93.563,10
2020,92.624,92.218,4
2021,105.86500000000001,104.20400000000001,214
