year,lap_time_seconds
2016,98.806
2017,94.64699999999999
2018,94.14500000000001
2021,95.37700000000001
2022,97.068
2023,95.154
2024,93.59700000000001
