year,lap_time_seconds
2016,93.35300000000001
2017,89.111
2018,89.538
2022,90.16499999999999
2023,90.586
2024,89.811
