year,lap_time_seconds,teammate_time,constructorId
2017,95.49600000000001,93.706,10
2018,93.057,92.75800000000001,10
2024,95.223,95.287,214
