year,lap_time_seconds
2016,109.05
2017,105.006
2018,103.30199999999999
2020,102.396
2021,117.354
2022,105.18
2023,116.372
2024,114.46000000000001
