year,lap_time_seconds
2014,87.01599999999999
2015,86.14699999999999
2016,84.941
2017,81.22200000000001
