year,lap_time_seconds,teammate_time,constructorId
2014,91.22800000000001,91.601,3
2015,87.718,87.79599999999999,3
2016,85.458,85.961,3
2017,84.443,87.143,3
