year,lap_time_seconds
2014,78.209
2015,77.27799999999999
2016,75.385
2017,73.79599999999999
