year,lap_time_seconds,teammate_time,constructorId
2014,116.14699999999999,116.253,3
2015,96.95400000000001,97.143,3
2016,97.34700000000001,96.29599999999999,3
2017,93.507,93.98599999999999,3
