year,lap_time_seconds,teammate_time,constructorId
2014,106.0,106.187,3
2015,105.701,105.676,3
2016,104.991,104.74000000000001,3
2017,104.01400000000001,104.72800000000001,3
