year,lap_time_seconds,teammate_time,constructorId
2014,70.247,70.305,3
2015,72.41499999999999,72.08500000000001,3
2016,72.432,72.42,3
2017,69.612,70.776,3
