year,lap_time_seconds,teammate_time,constructorId
2014,78.209,78.082,3
2015,77.27799999999999,78.434,3
2016,75.385,75.273,3
2017,73.79599999999999,74.893,3
