year,lap_time_seconds
2014,105.695
2015,93.08500000000001
2016,92.00200000000001
2017,91.482
