year,lap_time_seconds,teammate_time,constructorId
2015,80.56700000000001,80.44800000000001,3
2016,80.032,79.551,3
2017,78.099,78.902,3
