year,lap_time_seconds,teammate_time,constructorId
2014,87.01599999999999,86.632,3
2015,86.14699999999999,85.694,3
2016,84.941,83.52199999999999,3
2017,81.22200000000001,82.411,3
