year,lap_time_seconds
2014,116.14699999999999
2015,96.95400000000001
2016,97.34700000000001
2017,93.507
