year,lap_time_seconds,teammate_time,constructorId
2014,105.695,105.318,3
2015,93.08500000000001,93.02000000000001,3
2016,92.00200000000001,91.47800000000001,3
2017,91.482,102.57300000000001,3
