year,lap_time_seconds,teammate_time,constructorId
2014,128.403,128.049,3
2015,108.685,108.537,3
2016,107.667,107.612,3
2017,105.82300000000001,106.91499999999999,3
