year,lap_time_seconds
2014,91.388
2016,86.125
2017,85.425
2018,83.59700000000001
2022,78.815
2023,77.139
2024,76.71000000000001
