year,lap_time_seconds
2014,105.907
2015,106.328
2016,104.553
2017,101.179
2018,98.64099999999999
2022,109.96600000000001
2023,91.615
2024,90.214
