year,lap_time_seconds
2014,99.709
2015,100.144
2016,97.807
2017,96.35300000000001
2018,95.50399999999999
2021,104.20400000000001
