year,lap_time_seconds,teammate_time,constructorId
2022,90.16,,214
2023,87.09700000000001,88.476,117
2024,88.42699999999999,88.17699999999999,117
