year,lap_time_seconds
2022,90.16
2023,87.09700000000001
2024,88.42699999999999
