year,lap_time_seconds
2014,118.88900000000001
2015,101.74600000000001
2016,97.155
2017,91.70400000000001
