year,lap_time_seconds,teammate_time,constructorId
2014,118.88900000000001,119.257,6
2015,101.74600000000001,101.636,1
2016,97.155,94.431,1
2017,91.70400000000001,91.582,1
