year,lap_time_seconds
2016,105.27000000000001
2017,104.334
2018,104.00999999999999
2021,102.195
2022,103.173
2023,101.253
2024,102.369
