year,lap_time_seconds
2019,78.82300000000001
2021,77.958
2022,78.07900000000001
2023,77.673
2024,76.356
