year,lap_time_seconds,teammate_time,constructorId
2019,95.356,96.47399999999999,3
2020,93.583,95.066,3
2021,102.983,108.25200000000001,3
