year,lap_time_seconds
2019,95.372
2021,95.74600000000001
2022,94.988
2023,95.07900000000001
2024,92.97399999999999
