year,lap_time_seconds,teammate_time,constructorId
2019,84.36,86.06700000000001,3
2022,78.93299999999999,78.825,131
2023,76.968,77.104,131
2024,76.724,76.96000000000001,131
