year,lap_time_seconds,teammate_time,constructorId
2021,88.926,89.17699999999999,3
2022,89.104,90.343,131
2023,88.857,89.223,131
2024,88.316,88.46000000000001,131
