year,lap_time_seconds,teammate_time,constructorId
2019,78.82300000000001,80.179,3
2021,77.958,78.756,3
2022,78.07900000000001,78.084,131
2023,77.673,77.45400000000001,131
2024,76.356,76.651,131
