year,lap_time_seconds,teammate_time,constructorId
2019,100.86699999999999,101.186,3
2022,114.012,109.46600000000001,131
2023,91.056,91.485,131
2024,89.867,89.84100000000001,131
