year,lap_time_seconds,teammate_time,constructorId
2019,105.062,105.455,3
2021,102.72800000000001,103.128,3
2022,102.712,102.924,131
2023,101.654,101.17699999999999,131
2024,101.874,102.289,131
