year,lap_time_seconds,teammate_time,constructorId
2022,85.408,85.892,51
2023,85.15899999999999,84.788,51
2024,83.88,83.20400000000001,15
