year,lap_time_seconds,teammate_time,constructorId
2022,96.656,96.319,51
2023,95.69800000000001,95.858,51
2024,94.22800000000001,94.152,15
