year,lap_time_seconds,teammate_time,constructorId
2022,106.08500000000001,107.866,51
2023,120.832,114.694,51
2024,117.775,114.76400000000001,15
