year,lap_time_seconds
2022,71.70400000000001
2023,82.06700000000001
2024,73.261
