year,lap_time_seconds
2022,96.656
2023,95.69800000000001
2024,94.22800000000001
