year,lap_time_seconds,teammate_time,constructorId
2022,71.70400000000001,71.961,51
2023,82.06700000000001,82.26,51
2024,73.261,72.168,15
