year,lap_time_seconds,teammate_time,constructorId
2022,78.57300000000001,78.157,51
2023,76.971,77.03399999999999,51
2024,78.037,76.384,15
