year,lap_time_seconds,teammate_time,constructorId
2014,99.12100000000001,99.02199999999999,1
2015,99.739,100.144,1
2016,97.701,97.807,1
