year,lap_time_seconds,teammate_time,constructorId
2014,84.294,84.58500000000001,1
2015,84.739,84.563,1
2016,81.59700000000001,81.211,1
