year,lap_time_seconds
2014,97.706
2016,98.31700000000001
2017,97.394
2018,94.732
2019,93.812
2022,96.949
2023,95.88
2024,93.47399999999999
