year,lap_time_seconds
2014,90.949
2015,92.037
2016,87.297
2017,86.84700000000001
2018,83.187
2019,82.099
2022,80.254
2023,78.129
2024,77.42699999999999
