year,lap_time_seconds
2014,117.369
2016,98.673
2017,94.164
2018,92.98599999999999
2019,93.15
2024,95.51599999999999
