year,lap_time_seconds
2014,106.25
2016,106.825
2017,103.756
2018,99.644
2019,99.65
2022,111.57300000000001
2023,91.575
2024,90.65299999999999
