year,lap_time_seconds
2014,99.02199999999999
2016,98.914
2017,96.017
2018,93.181
2019,93.88900000000001
2020,94.681
