year,lap_time_seconds
2014,94.229
2016,93.023
2017,89.97200000000001
2018,90.219
2022,91.352
2023,90.66499999999999
2024,90.131
