year,lap_time_seconds
2014,77.555
2016,76.05799999999999
2017,73.531
2018,73.393
2019,71.109
2022,72.92099999999999
2023,73.27
2024,71.725
