year,lap_time_seconds,teammate_time,constructorId
2014,119.257,118.88900000000001,6
2015,100.41499999999999,99.632,6
2016,93.632,93.584,6
2017,90.121,,6
