year,lap_time_seconds
2014,94.368
2015,93.227
2016,90.244
2017,89.56700000000001
2018,88.101
2019,89.02199999999999
2020,89.81
2020,54.963
2021,91.238
