year,lap_time_seconds
2014,128.64600000000002
2015,109.288
2016,106.91
2017,103.27000000000001
2018,101.533
2019,104.14
2020,103.743
2021,124.452
