year,lap_time_seconds
2014,102.168
2015,101.051
2016,99.604
2017,96.985
2018,95.36500000000001
2019,98.38300000000001
2020,97.555
2021,84.779
