year,lap_time_seconds
2014,106.684
2015,93.37899999999999
2016,90.881
2017,87.14699999999999
2018,85.99
2019,86.54599999999999
2020,87.366
2020,88.493
2021,88.062
