year,lap_time_seconds
2014,116.86
2015,97.10900000000001
2016,95.97200000000001
2017,92.14
2018,91.182
2019,93.419
