year,lap_time_seconds,teammate_time,constructorId
2016,104.269,103.96600000000001,6
2017,101.693,101.84100000000001,6
2018,102.49000000000001,101.49799999999999,6
2021,102.587,,51
