year,lap_time_seconds,teammate_time,constructorId
2022,89.996,90.214,117
2023,88.476,87.09700000000001,117
2024,88.17699999999999,88.42699999999999,117
