year,lap_time_seconds,teammate_time,constructorId
2017,95.964,95.049,3
2018,96.437,95.612,3
2019,94.233,93.958,211
2020,93.364,92.31700000000001,211
2021,104.956,106.57300000000001,117
