year,lap_time_seconds
2017,102.28399999999999
2018,103.58500000000001
2019,102.63
2022,105.37100000000001
2023,101.576
2024,103.37
