year,lap_time_seconds
2017,104.72800000000001
2018,101.334
2019,99.979
2022,114.211
2023,93.39699999999999
2024,91.094
