year,lap_time_seconds
2017,106.91499999999999
2018,105.134
2019,105.047
2020,102.491
2021,118.231
2022,106.256
2023,108.84100000000001
2024,115.71600000000001
