year,lap_time_seconds
2017,91.40899999999999
2018,90.31700000000001
2019,89.345
2022,91.419
2023,91.181
2024,90.024
