year,lap_time_seconds
2017,102.57300000000001
2019,86.762
2020,85.839
2020,86.428
2021,87.66499999999999
2022,103.43
2023,88.935
2024,86.58500000000001
