year,lap_time_seconds
2017,99.503
2018,98.682
2019,97.10300000000001
2020,96.04599999999999
2021,84.061
2022,85.35900000000001
2023,84.405
2024,83.729
