year,lap_time_seconds,teammate_time,constructorId
2017,87.143,84.443,3
2018,84.23,84.922,3
2019,83.017,82.532,211
2023,77.30799999999999,77.139,117
2024,76.78,76.71000000000001,117
