year,lap_time_seconds
2017,96.868
2018,95.47999999999999
2019,93.92099999999999
2021,95.983
2022,95.598
2023,96.589
2024,93.759
