year,lap_time_seconds
2019,86.07900000000001
2020,85.782
2020,86.77799999999999
2021,86.89699999999999
2022,101.515
2023,86.961
2024,86.03
