year,lap_time_seconds,teammate_time,constructorId
2021,81.731,82.59700000000001,1
2023,84.685,84.53999999999999,1
2024,80.77199999999999,80.82900000000001,1
