year,lap_time_seconds
2019,104.84700000000001
2020,102.657
2021,116.025
2022,105.60300000000001
2023,107.669
2024,113.981
