year,lap_time_seconds,teammate_time,constructorId
2019,101.886,101.936,1
2021,101.747,102.304,1
2022,103.398,103.574,1
2023,101.281,101.61099999999999,1
2024,103.60900000000001,101.686,1
