year,lap_time_seconds,teammate_time,constructorId
2019,93.301,93.22200000000001,1
2020,92.84700000000001,92.55,1
2021,101.993,104.156,1
