year,lap_time_seconds,teammate_time,constructorId
2019,71.735,71.572,1
2022,94.066,83.749,1
2023,79.34700000000001,79.65899999999999,1
2024,72.021,72.103,1
