year,lap_time_seconds
2014,92.703
2015,92.66
2016,90.66
2017,87.319
2018,87.76
2019,87.30199999999999
2022,90.261
2023,89.908
2024,88.76599999999999
