year,lap_time_seconds,teammate_time,constructorId
2014,78.68299999999999,76.53999999999999,131
2016,74.47,74.363,131
2018,73.012,71.416,131
2019,71.767,72.129,131
