year,lap_time_seconds
2014,125.819
2015,107.197
2016,110.033
2017,102.553
2018,101.553
2019,103.282
2020,101.25200000000001
2021,116.229
2022,105.42
2023,107.087
2024,113.83500000000001
