year,lap_time_seconds
2014,105.681
2015,105.3
2016,103.288
2017,100.126
2018,96.015
2019,96.408
2022,109.46600000000001
2023,91.485
2024,89.84100000000001
