year,lap_time_seconds
2014,98.338
2015,97.43299999999999
2016,95.82
2017,93.75999999999999
2018,91.532
2019,92.03
2020,91.304
2021,104.05
