year,lap_time_seconds
2015,79.668
2016,78.70400000000001
2017,76.934
2018,74.894
2019,75.262
2021,76.02
2022,78.084
2023,77.45400000000001
2024,76.651
