year,lap_time_seconds,teammate_time,constructorId
2014,117.202,117.18299999999999,131
2015,99.269,99.374,131
2016,92.85,93.26400000000001,131
2017,90.076,90.758,131
