year,lap_time_seconds
2014,100.866
2015,100.614
2016,98.755
2017,96.40299999999999
2018,94.794
2019,94.779
2020,95.332
2021,82.48
2022,84.508
2023,84.35900000000001
2024,83.887
