year,lap_time_seconds
2016,103.52600000000001
2017,100.593
2018,101.67699999999999
2019,100.554
2021,101.45
2022,102.924
2023,101.17699999999999
2024,102.289
