year,lap_time_seconds
2014,96.813
2015,95.673
2016,93.22200000000001
2017,91.59700000000001
2018,91.213
