year,lap_time_seconds,teammate_time,constructorId
2014,120.646,119.25999999999999,207
2015,98.12700000000001,98.017,15
2016,98.321,98.654,15
2017,94.892,94.963,15
2018,94.914,94.45400000000001,15
