year,lap_time_seconds,teammate_time,constructorId
2014,109.42099999999999,109.625,207
2015,94.643,94.888,15
2017,102.63300000000001,102.593,15
2018,88.249,87.78999999999999,15
