year,lap_time_seconds
2014,109.42099999999999
2015,94.643
2017,102.63300000000001
2018,88.249
