year,lap_time_seconds,teammate_time,constructorId
2014,96.813,97.015,207
2015,95.673,95.75999999999999,15
2016,93.22200000000001,93.332,15
2017,91.59700000000001,91.885,15
2018,91.213,89.706,15
