year,lap_time_seconds,teammate_time,constructorId
2015,73.233,72.989,15
2016,73.623,73.681,15
2017,70.875,70.678,15
2018,68.29599999999999,68.33500000000001,15
