year,lap_time_seconds,teammate_time,constructorId
2014,97.875,97.08500000000001,207
2015,95.03399999999999,94.737,15
2016,92.84,94.388,15
2017,92.543,91.414,15
2018,91.063,91.42,15
