year,lap_time_seconds
2014,88.643
2015,84.843
2016,106.98400000000001
2017,79.97200000000001
2018,78.64099999999999
