year,lap_time_seconds,teammate_time,constructorId
2016,106.231,105.549,15
2017,104.795,104.31700000000001,15
2018,105.541,103.75200000000001,15
