year,lap_time_seconds
2015,76.54599999999999
2016,82.467
2017,72.496
2019,70.618
2021,70.576
2022,71.666
2023,71.365
2024,70.56700000000001
