year,lap_time_seconds
2015,118.689
2016,95.747
2017,93.658
2018,94.76599999999999
2019,92.096
2021,92.91
2022,94.44800000000001
2023,95.00800000000001
2024,92.36099999999999
