year,lap_time_seconds
2015,109.831
2016,106.893
2017,103.38
2018,102.554
2019,103.69
2020,101.77799999999999
2021,116.559
2022,103.66499999999999
2023,106.168
2024,113.15899999999999
