year,lap_time_seconds
2015,80.71000000000001
2016,78.97200000000001
2017,76.524
2018,74.785
2019,74.758
2021,76.225
2022,77.775
2023,77.263
2024,76.17099999999999
