year,lap_time_seconds
2015,94.50200000000001
2016,90.313
2017,88.13
2018,86.602
2019,85.276
2020,85.325
2020,86.176
2021,86.209
2022,99.12899999999999
2023,86.72
2024,86.203
