year,lap_time_seconds
2015,105.63499999999999
2016,103.328
2017,99.814
2018,96.334
2019,96.813
2022,111.39500000000001
2023,92.173
2024,89.68
