year,lap_time_seconds
2021,87.65299999999999
2022,88.461
2023,88.761
2024,87.47200000000001
