year,lap_time_seconds,teammate_time,constructorId
2022,88.991,89.036,9
2023,86.814,86.84100000000001,9
2024,87.241,87.46000000000001,9
