year,lap_time_seconds
2015,95.10300000000001
2016,91.77199999999999
2017,89.687
2018,89.374
2019,88.752
2020,87.678
2020,53.433
2021,88.997
2022,90.681
2023,89.708
2024,89.179
