year,lap_time_seconds
2016,104.387
2017,101.87899999999999
2018,101.994
2019,101.069
2021,101.563
2022,101.706
2023,100.39099999999999
2024,102.023
