year,lap_time_seconds,teammate_time,constructorId
2021,87.65299999999999,87.946,9
2022,88.461,88.2,9
2023,88.761,88.265,9
2024,87.47200000000001,87.807,9
