year,lap_time_seconds
2015,98.387
2016,97.194
2017,95.43299999999999
2018,91.79599999999999
2019,92.089
2024,93.66
