year,lap_time_seconds,teammate_time,constructorId
2018,90.705,90.895,9
2019,89.40899999999999,90.184,9
2021,89.99,90.445,9
2022,91.176,91.33500000000001,9
