year,lap_time_seconds
2015,102.521
2016,99.818
2017,97.328
2018,95.589
2019,95.13900000000001
2020,95.24600000000001
2021,82.10900000000001
2022,83.824
2023,83.445
2024,82.945
