year,lap_time_seconds,teammate_time,constructorId
2021,66.041,66.19200000000001,210
2021,65.42699999999999,65.951,210
2022,66.011,65.879,210
