year,lap_time_seconds
2014,96.06700000000001
2015,116.67099999999999
2016,95.215
