year,lap_time_seconds,teammate_time,constructorId
2014,100.47999999999999,100.866,131
2015,100.237,100.614,131
2016,99.05799999999999,98.755,131
