year,lap_time_seconds,teammate_time,constructorId
2014,96.06700000000001,96.443,131
2015,116.67099999999999,116.87100000000001,131
2016,95.215,94.999,131
