year,lap_time_seconds
2014,131.267
2015,109.12100000000001
2016,107.31700000000001
2017,104.982
2018,104.14500000000001
2019,104.542
2023,123.166
2024,116.30799999999999
