year,lap_time_seconds,teammate_time,constructorId
2014,95.179,94.87,131
2015,92.36099999999999,92.24799999999999,131
2016,89.606,89.243,131
