year,lap_time_seconds
2014,107.30799999999999
2015,106.305
2016,104.479
2017,101.013
2018,98.45
2019,98.26400000000001
2023,91.80799999999999
2024,90.115
