year,lap_time_seconds
2014,100.05799999999999
2015,98.65899999999999
2016,97.771
2017,95.285
2018,94.655
2019,93.289
