year,lap_time_seconds
2014,100.47999999999999
2015,100.237
2016,99.05799999999999
