year,lap_time_seconds
2014,117.18299999999999
2015,99.374
2016,93.26400000000001
