year,lap_time_seconds
2014,84.64699999999999
2015,83.826
2016,81.82300000000001
2017,77.468
2018,77.905
2019,76.565
2023,77.186
2024,76.31700000000001
