year,lap_time_seconds,teammate_time,constructorId
2014,117.18299999999999,117.202,131
2015,99.374,99.269,131
2016,93.26400000000001,92.85,131
