year,lap_time_seconds,teammate_time,constructorId
2018,94.38300000000001,95.037,5
2019,93.95,99.544,5
2020,93.0,93.249,213
2021,106.64099999999999,106.751,213
