year,lap_time_seconds,teammate_time,constructorId
2018,104.49600000000001,117.354,5
2021,101.565,101.654,213
2022,102.845,103.056,213
2023,104.85300000000001,101.798,214
2024,103.088,104.50399999999999,214
