year,lap_time_seconds,teammate_time,constructorId
2018,73.047,72.587,5
2019,71.07900000000001,71.619,9
2022,94.49199999999999,96.575,213
2023,82.886,80.406,214
2024,72.94,73.435,214
