year,lap_time_seconds
2018,89.32900000000001
2019,89.526
2020,88.44800000000001
2020,53.941
2021,89.809
2022,91.635
2023,92.181
2024,90.94800000000001
