year,lap_time_seconds
2018,103.844
2019,106.435
2020,102.745
2021,116.44
2022,105.827
2023,113.67099999999999
2024,114.63499999999999
