year,lap_time_seconds
2018,104.49600000000001
2021,101.565
2022,102.845
2023,104.85300000000001
2024,103.088
