year,lap_time_seconds
2017,99.72399999999999
2018,98.166
2019,97.089
2020,96.24199999999999
2021,83.489
2022,85.85900000000001
2023,84.078
2024,82.98400000000001
