year,lap_time_seconds
2018,94.38300000000001
2019,93.95
2020,93.0
2021,106.64099999999999
