year,lap_time_seconds
2018,73.047
2019,71.07900000000001
2022,94.49199999999999
2023,82.886
2024,72.94
