year,lap_time_seconds,teammate_time,constructorId
2014,120.202,122.074,208
2015,100.303,100.36099999999999,208
2016,95.001,95.09700000000001,210
2017,93.30799999999999,93.434,210
