year,lap_time_seconds
2014,101.39699999999999
2015,98.75399999999999
2016,98.055
2017,97.62
2018,93.517
2019,93.517
2020,94.592
