year,lap_time_seconds
2014,102.768
2015,102.58500000000001
2016,101.467
2017,99.51599999999999
2018,96.19200000000001
2019,98.051
