year,lap_time_seconds
2014,87.632
2015,84.44800000000001
2016,83.092
2017,103.35499999999999
2018,80.936
2019,80.78399999999999
2020,81.139
