year,lap_time_seconds
2014,98.49600000000001
2015,94.43
2016,92.05
2017,89.549
2018,87.455
2019,86.34700000000001
2020,87.643
2020,87.254
