year,lap_time_seconds
2014,107.812
2015,105.805
2016,105.60900000000001
2017,103.62700000000001
2018,98.32
2019,100.277
