year,lap_time_seconds
2014,100.05199999999999
2015,97.965
2016,96.12299999999999
2017,93.194
2018,91.943
2019,92.053
2020,93.60900000000001
2021,106.57300000000001
