year,lap_time_seconds
2014,87.05199999999999
2015,85.458
2016,83.334
2017,79.2
2018,76.305
2019,76.27199999999999
2020,77.168
2021,78.07900000000001
2022,80.95400000000001
