year,lap_time_seconds,teammate_time,constructorId
2018,90.4,90.77199999999999,6
2019,89.506,88.965,6
2021,91.767,,117
2022,93.27600000000001,93.439,117
