year,lap_time_seconds
2016,103.96600000000001
2017,101.84100000000001
2018,101.49799999999999
2019,100.797
2021,102.22399999999999
2022,103.09100000000001
