year,lap_time_seconds
2014,99.62100000000001
2015,118.596
2016,96.358
2017,93.34700000000001
2018,92.298
2019,92.041
2021,95.281
2022,96.398
