year,lap_time_seconds
2014,107.575
2015,106.38499999999999
2016,104.582
2017,102.24600000000001
2018,97.985
2019,98.52000000000001
2022,109.434
2023,92.09899999999999
2024,90.57900000000001
