year,lap_time_seconds
2014,118.26400000000001
2015,98.90299999999999
2016,96.86500000000001
2017,93.706
2018,92.75800000000001
2019,93.299
2024,93.982
