year,lap_time_seconds
2014,98.554
2015,119.21000000000001
2016,97.345
2017,94.789
2018,94.525
2019,95.80799999999999
2021,93.134
2022,94.64500000000001
2023,95.173
2024,93.02000000000001
