year,lap_time_seconds,teammate_time,constructorId
2022,89.036,88.991,9
2023,86.84100000000001,86.814,9
2024,87.46000000000001,87.241,9
