year,lap_time_seconds
2022,89.036
2023,86.84100000000001
2024,87.46000000000001
