year,lap_time_seconds
2014,76.47200000000001
2015,75.974
2016,74.31700000000001
2017,73.018
2018,72.395
2019,72.197
2022,93.12700000000001
2023,80.959
2024,73.326
