year,lap_time_seconds
2014,77.755
2015,76.80799999999999
2016,74.902
2017,73.32900000000001
2018,72.154
2019,72.233
2021,71.019
2022,71.629
2023,73.85
2024,72.06
