year,lap_time_seconds,teammate_time,constructorId
2014,120.076,118.88300000000001,10
2015,101.036,100.83,10
2016,94.319,94.441,10
2017,91.48400000000001,91.47800000000001,10
