year,lap_time_seconds
2014,85.211
2015,84.444
2016,85.416
2017,78.639
2018,79.2
2019,77.10900000000001
2020,74.545
2021,76.42099999999999
2022,78.51599999999999
2023,77.045
2024,77.886
