year,lap_time_seconds
2014,130.084
2015,108.59899999999999
2016,107.407
2017,104.894
2018,103.01400000000001
2019,104.706
2020,102.532
2021,116.886
2022,104.462
2023,107.045
2024,113.765
