year,lap_time_seconds
2014,94.346
2015,94.70400000000001
2016,92.911
2017,92.318
2018,90.156
2019,89.756
2020,88.322
2020,53.787
2021,90.65899999999999
2022,90.92099999999999
2023,89.846
2024,89.537
