year,lap_time_seconds,teammate_time,constructorId
2018,92.45400000000001,92.075,10
2019,90.738,91.726,211
2021,90.445,89.99,9
2022,91.33500000000001,91.176,9
