year,lap_time_seconds
2016,103.515
2017,102.11099999999999
2018,102.547
2019,101.593
2021,101.63
2022,101.64099999999999
2023,100.495
2024,101.813
