year,lap_time_seconds
2014,102.239
2015,101.184
2016,100.519
2017,98.35900000000001
2018,97.255
2019,96.961
2020,96.03399999999999
2021,82.947
2022,84.05199999999999
2023,84.116
2024,83.264
