year,lap_time_seconds,teammate_time,constructorId
2021,87.946,87.65299999999999,9
2022,88.2,88.461,9
2023,88.265,88.761,9
2024,87.807,87.47200000000001,9
