year,lap_time_seconds
2018,92.45400000000001
2019,90.738
2021,90.445
2022,91.33500000000001
