year,lap_time_seconds
2021,81.47800000000001
2023,85.05799999999999
2024,81.731
