year,lap_time_seconds
2014,116.253
2015,97.143
2016,96.29599999999999
2017,91.865
2018,91.625
2019,91.547
2024,94.66499999999999
