year,lap_time_seconds
2018,90.14699999999999
2019,88.605
2021,90.376
2022,93.03399999999999
