year,lap_time_seconds,teammate_time,constructorId
2021,69.222,68.923,131
2022,71.961,71.70400000000001,51
2023,82.26,82.06700000000001,51
2024,72.168,73.261,15
