year,lap_time_seconds
2014,83.354
2015,83.22200000000001
2016,82.182
2017,76.53
2018,77.123
2019,74.59
2020,73.554
2021,75.734
2022,78.157
2023,77.03399999999999
2024,76.384
