year,lap_time_seconds
2015,80.44800000000001
2016,79.551
2017,76.958
2018,75.16
2019,75.338
2021,75.875
2022,78.401
2023,78.01599999999999
2024,77.393
