year,lap_time_seconds,teammate_time,constructorId
2018,90.14699999999999,90.029,131
2019,88.605,88.319,131
2021,90.376,90.248,131
2022,93.03399999999999,93.674,51
