year,lap_time_seconds,teammate_time,constructorId
2021,81.47800000000001,80.827,131
2023,85.05799999999999,87.432,51
2024,81.731,81.501,15
