year,lap_time_seconds,teammate_time,constructorId
2014,68.846,68.759,3
2015,69.319,69.19200000000001,3
2016,66.911,67.145,3
2017,64.251,64.424,131
2018,63.13,63.149,131
2019,63.537,63.262,131
2020,62.939,62.951,131
2020,78.657,77.825,131
2021,64.035,64.06700000000001,131
2021,64.049,64.014,131
2022,66.319,66.901,51
2023,65.68,65.818,51
2024,65.847,66.061,15
