year,lap_time_seconds
2014,105.318
2015,93.02000000000001
2016,91.47800000000001
2017,87.376
2018,86.217
2019,85.093
2020,84.616
2020,85.154
2021,86.328
2022,101.396
2023,89.798
2024,92.431
