year,lap_time_seconds
2014,70.305
2015,72.08500000000001
2016,72.42
2017,68.322
2018,67.441
2019,67.874
2021,68.426
2022,75.486
2023,70.955
2024,86.47200000000001
