year,lap_time_seconds
2014,128.049
2015,108.537
2016,107.612
2017,103.094
2018,102.191
2019,103.41499999999999
2020,101.763
2021,116.295
2022,107.866
2023,114.694
2024,114.76400000000001
