year,lap_time_seconds
2014,98.92
2015,97.912
2016,96.536
2017,93.26400000000001
2018,91.387
2019,92.632
2020,91.956
2021,104.71000000000001
