year,lap_time_seconds,teammate_time,constructorId
2022,79.424,79.226,213
2023,78.099,78.33500000000001,213
2024,76.788,78.08500000000001,215
