year,lap_time_seconds,teammate_time,constructorId
2021,83.22,83.489,213
2022,85.219,85.85900000000001,213
2023,83.968,84.44200000000001,213
2024,83.419,83.47200000000001,215
