year,lap_time_seconds,teammate_time,constructorId
2022,90.80799999999999,91.322,213
2023,90.20400000000001,90.425,213
2024,89.413,89.47200000000001,215
