year,lap_time_seconds,teammate_time,constructorId
2021,90.607,89.809,213
2022,92.75,91.635,213
2023,91.4,92.12100000000001,213
2024,90.129,90.27799999999999,215
