year,lap_time_seconds,teammate_time,constructorId
2021,94.918,94.118,213
2022,96.80799999999999,96.577,213
2023,95.697,95.97399999999999,213
2024,93.506,93.339,215
