year,lap_time_seconds
2022,90.80799999999999
2023,90.20400000000001
2024,89.413
